{"cameraMode":{"drawMode":0,"name":"Shaded","section":"Shading Mode"},"sceneLighting":false,"audioPlay":false,"sceneViewState":{"m_AlwaysRefresh":false,"showFog":true,"showSkybox":false,"showFlares":true,"showImageEffects":true,"showParticleSystems":true,"showVisualEffectGraphs":true,"m_FxEnabled":true},"in2DMode":false,"pivot":{"x":-0.08431167900562287,"y":1.5827879905700684,"z":-4.404086112976074},"rotation":{"x":-0.03301616013050079,"y":-0.7031577825546265,"z":-0.032720670104026797,"w":0.7095158100128174},"size":0.03009061887860298,"orthographic":true}