{"cameraMode":{"drawMode":0,"name":"Shaded","section":"Shading Mode"},"sceneLighting":true,"audioPlay":false,"sceneViewState":{"m_AlwaysRefresh":false,"showFog":true,"showSkybox":true,"showFlares":true,"showImageEffects":true,"showParticleSystems":true,"showVisualEffectGraphs":true,"m_FxEnabled":true},"in2DMode":false,"pivot":{"x":-1.963568925857544,"y":1.8726356029510499,"z":1.3002296686172486},"rotation":{"x":-0.02769404835999012,"y":0.9681636691093445,"z":-0.21548303961753846,"w":-0.12441501766443253},"size":2.1582398414611818,"orthographic":true}