{"cameraMode":{"drawMode":0,"name":"Shaded","section":"Shading Mode"},"sceneLighting":false,"audioPlay":false,"sceneViewState":{"m_AlwaysRefresh":false,"showFog":true,"showSkybox":false,"showFlares":true,"showImageEffects":true,"showParticleSystems":true,"showVisualEffectGraphs":true,"m_FxEnabled":true},"in2DMode":false,"pivot":{"x":-0.9292512536048889,"y":0.22499984502792359,"z":0.39557191729545596},"rotation":{"x":-0.03234602510929108,"y":0.961732029914856,"z":-0.13064926862716676,"w":-0.23873533308506013},"size":0.3044802248477936,"orthographic":true}